Conjunto,MAE,RMSE,R²
Validación,2742437.3705116697,3029146.8486034293,-0.8117680425472451
Prueba,3791839.0680761416,4714675.001303198,-2.417052740737803
